,rating,locationstate,ratedaily,vehiclemake,vehiclemodel,vehicletype,vehicleyear
0,5,WA,135,Tesla,Model X,suv,2019
1,5,NM,190,Tesla,Model X,suv,2018
22,5,NM,171,Tesla,Model S,car,2015
39,4.83,GA,146,Tesla,Model 3,car,2020
49,5,GA,134,Tesla,Model 3,car,2018
57,4.88,GA,159,Tesla,Model S,car,2018
67,4.85,GA,175,Tesla,Model 3,car,2019
81,5,GA,150,Tesla,Model 3,car,2020
85,5,GA,209,Tesla,Model X,suv,2018
92,4.94,GA,156,Tesla,Model 3,car,2018
94,4.89,GA,245,Tesla,Model X,suv,2016
110,5,GA,150,Tesla,Model X,suv,2016
113,5,GA,151,Tesla,Model 3,car,2019
123,5,GA,147,Tesla,Model 3,car,2019
127,4.77,GA,149,Tesla,Model 3,car,2019
146,5,GA,167,Tesla,Model S,car,2015
150,4.89,GA,115,Tesla,Model S,car,2013
160,4.83,GA,149,Tesla,Model 3,car,2020
181,5,GA,265,Tesla,Model 3,car,2020
182,5,GA,200,Tesla,Model 3,car,2020
183,4.79,GA,120,Tesla,Model S,car,2013
222,5,GA,800,Tesla,Model X,suv,2019
264,5,TX,175,Tesla,Model X,suv,2017
278,4.96,TX,121,Tesla,Model 3,car,2020
279,5,TX,70,Tesla,Model 3,car,2020
283,4.83,TX,199,Tesla,Model S,car,2018
294,4.85,TX,99,Tesla,Model 3,car,2018
301,5,TX,84,Tesla,Model 3,car,2019
315,5,TX,100,Tesla,Model 3,car,2018
320,4.97,TX,99,Tesla,Model 3,car,2020
321,5,TX,475,Tesla,Model X,suv,2018
424,5,CT,199,Tesla,Model 3,car,2018
483,5,TN,198,Tesla,Model S,car,2017
485,4.97,TN,109,Tesla,Model 3,car,2019
489,4.88,TN,172,Tesla,Model 3,car,2018
495,4.96,TN,153,Tesla,Model S,car,2017
497,5,TN,99,Tesla,Model 3,car,2018
499,5,TN,154,Tesla,Model Y,suv,2020
518,5,TN,140,Tesla,Model S,car,2015
580,5,MD,119,Tesla,Model S,car,2013
583,5,MD,90,Tesla,Model 3,car,2018
586,4.75,MD,161,Tesla,Model 3,car,2018
587,5,MD,168,Tesla,Model 3,car,2019
598,4.97,MD,139,Tesla,Model 3,car,2018
605,4.95,MD,75,Tesla,Model 3,car,2020
639,4.79,SC,109,Tesla,Model 3,car,2018
641,5,SC,150,Tesla,Model S,car,2014
646,5,TN,150,Tesla,Model 3,car,2019
653,5,SC,55,Chevrolet,Bolt EV,car,2017
656,4.57,SC,174,Tesla,Model 3,car,2018
685,4.97,OH,132,Tesla,Model X,suv,2017
686,5,OH,119,Tesla,Model 3,car,2019
687,4.97,OH,115,Tesla,Model 3,car,2018
689,5,OH,179,Tesla,Model 3,car,2020
691,5,OH,170,Tesla,Model S,car,2016
716,5,NC,140,Tesla,Model S,car,2014
717,4.99,NC,145,Tesla,Model 3,car,2017
723,4.92,NC,129,Tesla,Model 3,car,2019
725,5,NC,119,Tesla,Model S,car,2014
809,4.8,OH,90,Tesla,Model 3,car,2018
810,5,OH,205,Tesla,Model S,car,2018
815,5,OH,225,Tesla,Model X,suv,2019
816,4.98,OH,79,Tesla,Model 3,car,2019
823,4.98,OH,143,Tesla,Model 3,car,2018
850,5,CO,146,Tesla,Model 3,car,2019
903,4.67,OH,225,Chevrolet,Bolt EV,car,2017
967,5,MD,200,Tesla,Model S,car,2018
970,4.88,MD,199,Tesla,Model S,car,2017
972,5,MD,329,Tesla,Model S,car,2016
982,4.6,VA,105,Tesla,Model 3,car,2019
984,5,VA,100,Tesla,Model 3,car,2019
1024,5,CO,149,Tesla,Model X,suv,2019
1026,5,CO,109,Tesla,Model 3,car,2018
1027,4.97,CO,109,Tesla,Model 3,car,2019
1029,4.96,CO,159,Tesla,Model X,suv,2019
1030,5,CO,159,Tesla,Model X,suv,2020
1032,4.73,CO,109,Tesla,Model 3,car,2020
1036,4.97,CO,155,Tesla,Model X,suv,2019
1038,5,CO,147,Tesla,Model X,suv,2016
1045,5,CO,140,Tesla,Model X,suv,2020
1075,5,CO,135,Tesla,Model X,suv,2020
1082,5,CO,96,Tesla,Model 3,car,2018
1101,5,CO,145,Tesla,Model X,suv,2020
1118,5,CO,130,Tesla,Model 3,car,2019
1121,4.97,CO,105,Tesla,Model 3,car,2018
1123,5,CO,122,Tesla,Model 3,car,2018
1126,4.93,CO,145,Tesla,Model X,suv,2018
1137,5,CO,105,Tesla,Model 3,car,2018
1140,5,CO,79,Tesla,Model 3,car,2020
1173,5,CO,149,Tesla,Model 3,car,2019
1180,4.98,CO,119,Tesla,Model 3,car,2018
1185,5,CO,199,Tesla,Model X,suv,2017
1187,5,CO,246,Tesla,Model S,car,2017
1210,4.85,CO,119,Tesla,Model X,suv,2017
1212,4.95,CO,119,Tesla,Model X,suv,2017
1234,5,TX,135,Tesla,Model 3,car,2018
1242,5,TX,96,Tesla,Model 3,car,2018
1255,5,TX,41,Kia,Niro,suv,2019
1261,5,IA,220,Tesla,Model X,suv,2016
1270,4.54,MI,199,Tesla,Model 3,car,2018
1283,5,MI,143,Tesla,Model S,car,2017
1288,4.83,MI,199,Tesla,Model 3,car,2018
1290,5,MI,299,Tesla,Model 3,car,2020
1294,5,MI,499,Tesla,Model X,suv,2017
1328,5,NJ,164,Tesla,Model 3,car,2020
1330,5,NJ,180,Tesla,Model 3,car,2020
1340,5,NJ,190,Tesla,Model S,car,2018
1343,5,NJ,130,Tesla,Model 3,car,2019
1344,5,NJ,189,Tesla,Model X,suv,2020
1345,4.98,NJ,211,Tesla,Model X,suv,2017
1348,4.96,NJ,174,Tesla,Model 3,car,2018
1353,5,NJ,110,Tesla,Model 3,car,2019
1356,5,NJ,170,Tesla,Model 3,car,2020
1357,4.86,NJ,198,Tesla,Model 3,car,2019
1362,4.88,NJ,193,Tesla,Model 3,car,2018
1363,5,NJ,189,Tesla,Model 3,car,2020
1367,4.89,NJ,193,Tesla,Model 3,car,2018
1376,5,NJ,207,Tesla,Model 3,car,2019
1382,5,NJ,235,Tesla,Model S,car,2015
1383,4.98,NJ,129,Tesla,Model S,car,2015
1384,5,NJ,259,Tesla,Model X,suv,2020
1393,5,NJ,166,Tesla,Model 3,car,2018
1397,4.96,NJ,99,Tesla,Model 3,car,2018
1428,5,NJ,250,Tesla,Model X,suv,2017
1438,5,NJ,101,Tesla,Model S,car,2016
1445,5,NJ,188,Tesla,Model 3,car,2018
1449,4.85,NJ,148,Tesla,Model 3,car,2019
1450,5,NJ,133,Tesla,Model Y,suv,2020
1453,4.79,NJ,148,Tesla,Model 3,car,2019
1455,5,NJ,150,Tesla,Model 3,car,2019
1457,5,NJ,120,Tesla,Model 3,car,2019
1503,5,NJ,200,Tesla,Model Y,suv,2020
1541,5,FL,130,Tesla,Model S,car,2015
1591,5,IN,130,Tesla,Model 3,car,2019
1597,5,ID,99,Tesla,Model 3,car,2018
1601,5,WA,279,Tesla,Model X,suv,2016
1626,5,SC,150,Tesla,Model S,car,2017
1630,5,TX,99,Tesla,Model S,car,2013
1637,5,TX,179,Tesla,Model 3,car,2020
1638,4.75,TX,115,Tesla,Model 3,car,2019
1704,5,AL,251,Tesla,Model X,suv,2018
1709,5,AL,200,Tesla,Model Y,suv,2020
1714,5,VA,90,Tesla,Model 3,car,2019
1715,4.84,VA,100,Tesla,Model S,car,2015
1717,5,VA,93,Tesla,Model 3,car,2017
1720,4.8,VA,129,Tesla,Model S,car,2015
1722,4.86,VA,57,Chevrolet,Bolt EV,car,2017
1736,5,MD,220,Tesla,Model 3,car,2020
1743,5,VA,150,Tesla,Model X,suv,2018
1777,5,TX,139,Tesla,Model S,car,2015
1778,5,TX,111,Tesla,Model 3,car,2018
1792,5,TX,179,Tesla,Model 3,car,2019
1866,5,IN,185,Tesla,Model 3,car,2018
1867,5,IN,195,Tesla,Model X,suv,2018
1868,4.98,IN,126,Tesla,Model 3,car,2018
1881,5,IN,132,Tesla,Model S,car,2015
1892,5,FL,125,Tesla,Model 3,car,2018
1893,4.89,FL,168,Tesla,Model 3,car,2019
1900,5,FL,142,Tesla,Model 3,car,2020
1913,5,FL,135,Tesla,Model 3,car,2018
1967,4.86,NV,140,Tesla,Model X,suv,2016
1970,4.98,NV,166,Tesla,Model X,suv,2016
1982,4.81,NV,133,Tesla,Model 3,car,2018
1987,4.99,NV,99,Tesla,Model 3,car,2018
1990,5,NV,127,Tesla,Model 3,car,2020
1994,4.91,NV,160,Tesla,Model X,suv,2018
1998,4.89,NV,180,Tesla,Model 3,car,2020
2001,5,NV,138,Tesla,Model X,suv,2018
2004,5,NV,103,Tesla,Model 3,car,2018
2007,4.74,NV,90,Tesla,Model 3,car,2020
2010,5,NV,189,Tesla,Model S,car,2016
2012,5,NV,234,Tesla,Model X,suv,2017
2013,5,NV,99,Tesla,Model 3,car,2019
2014,5,NV,167,Tesla,Model 3,car,2017
2027,5,NV,134,Tesla,Model 3,car,2018
2030,4.94,NV,100,Tesla,Model S,car,2013
2033,5,NV,266,Tesla,Model X,suv,2017
2037,4.83,NV,119,Tesla,Model 3,car,2019
2041,4.92,NV,85,Tesla,Model S,car,2015
2042,4.99,NV,123,Tesla,Model 3,car,2018
2046,5,NV,299,Tesla,Model X,suv,2019
2056,4,NV,89,Tesla,Model 3,car,2018
2061,5,NV,104,Tesla,Model S,car,2014
2064,4.98,NV,138,Tesla,Model 3,car,2018
2069,5,NV,174,Tesla,Model X,suv,2018
2071,5,NV,154,Tesla,Model Y,suv,2020
2073,5,NV,154,Tesla,Model Y,suv,2020
2080,4.9,NV,95,Tesla,Model S,car,2013
2081,4.97,NV,99,Tesla,Model X,suv,2018
2084,5,NV,139,Tesla,Model 3,car,2020
2085,4.94,NV,100,Tesla,Model S,car,2013
2091,5,NV,187,Tesla,Model X,suv,2017
2108,4.98,NV,120,Tesla,Model 3,car,2018
2117,4.95,NV,135,Tesla,Model 3,car,2018
2121,5,NV,139,Tesla,Model S,car,2016
2165,4.79,CA,62,Tesla,Model S,car,2015
2179,5,CA,95,Tesla,Model S,car,2016
2183,4.99,CA,79,Tesla,Model 3,car,2019
2208,4.88,CA,149,Tesla,Model X,suv,2016
2209,5,CA,249,Tesla,Model S,car,2018
2215,5,CA,123,Tesla,Model X,suv,2018
2245,4.84,CA,125,Tesla,Model 3,car,2019
2264,5,CA,109,Tesla,Model 3,car,2019
2267,5,CA,245,Tesla,Model X,suv,2019
2269,4.93,CA,149,Tesla,Model X,suv,2017
2278,5,CA,106,Tesla,Model 3,car,2020
2312,4.92,CA,82,Tesla,Model S,car,2015
2324,4.96,CA,91,Tesla,Model S,car,2017
2331,5,CA,95,Tesla,Model 3,car,2018
2368,4.92,KS,180,Tesla,Model X,suv,2016
2370,4.88,KS,126,Tesla,Model 3,car,2019
2372,4.97,KS,195,Tesla,Model S,car,2015
2385,5,FL,100,Tesla,Model 3,car,2020
2386,5,FL,145,Tesla,Model X,suv,2016
2391,5,FL,179,Tesla,Model X,suv,2020
2392,5,FL,100,Tesla,Model 3,car,2019
2393,5,FL,129,Tesla,Model 3,car,2018
2394,5,FL,200,Tesla,Model X,suv,2019
2402,5,FL,189,Tesla,Model X,suv,2019
2404,5,FL,104,Tesla,Model 3,car,2020
2413,5,FL,129,Tesla,Model 3,car,2018
2420,4.96,FL,92,Tesla,Model S,car,2018
2434,5,FL,125,Tesla,Model 3,car,2019
2439,5,FL,110,Tesla,Model 3,car,2019
2458,5,FL,94,Tesla,Model 3,car,2019
2478,4.92,FL,139,Tesla,Model X,suv,2016
2479,5,FL,150,Tesla,Model S,car,2018
2484,4.71,FL,80,BMW,i3,car,2016
2499,4.96,FL,145,Tesla,Model 3,car,2020
2512,5,IL,235,Tesla,Model X,suv,2018
2522,4.95,IL,135,Tesla,Model 3,car,2018
2590,5,TN,69,BMW,i3,car,2015
2603,5,MA,189,Tesla,Model X,suv,2020
2604,4.95,MA,149,Tesla,Model S,car,2019
2605,4.67,MA,177,Tesla,Model X,suv,2017
2606,5,MA,205,Tesla,Model X,suv,2018
2608,4.89,MA,158,Tesla,Model 3,car,2018
2625,5,FL,100,Tesla,Model S,car,2018
2674,5,FL,176,Tesla,Model X,suv,2016
2703,5,FL,138,Tesla,Model 3,car,2019
2718,5,FL,140,Tesla,Model 3,car,2019
2719,4.94,FL,200,Tesla,Model S,car,2017
2725,5,WI,108,Tesla,Model 3,car,2020
2728,5,WI,129,Tesla,Model 3,car,2020
2730,5,WI,185,Tesla,Model 3,car,2020
2783,4.9,MN,150,Tesla,Model S,car,2015
2788,5,MN,133,Tesla,Model S,car,2015
2791,5,MN,127,Tesla,Model 3,car,2018
2793,5,MN,148,Tesla,Model 3,car,2018
2798,4.85,MN,150,Tesla,Model S,car,2013
2800,5,MN,159,Tesla,Model Y,suv,2020
2807,4.94,MN,66,Chevrolet,Bolt EV,car,2017
2811,5,MN,130,Tesla,Model 3,car,2019
2868,5,MN,55,Nissan,Leaf,car,2015
2922,5,LA,166,Tesla,Model 3,car,2018
2966,5,CA,98,Tesla,Model 3,car,2018
2968,5,CA,96,Tesla,Model 3,car,2020
2974,4.89,CA,99,Tesla,Model 3,car,2018
2976,4.94,CA,89,Tesla,Model 3,car,2018
2984,5,CA,120,Tesla,Model 3,car,2018
3007,4.96,CA,86,Tesla,Model 3,car,2019
3011,4,CA,199,Tesla,Model X,suv,2018
3016,5,OK,117,Tesla,Model 3,car,2019
3017,5,OK,157,Tesla,Model S,car,2019
3020,5,OK,152,Tesla,Model 3,car,2018
3057,4.97,NE,159,Tesla,Model 3,car,2019
3077,5,CA,120,Tesla,Model S,car,2016
3081,4.95,CA,78,Tesla,Model 3,car,2018
3082,5,CA,101,Tesla,Model S,car,2015
3083,5,CA,49,Chevrolet,Bolt EV,car,2019
3086,5,CA,166,Tesla,Model 3,car,2018
3094,5,CA,152,Tesla,Model Y,suv,2020
3108,5,CA,99,Tesla,Model 3,car,2018
3129,5,CA,165,Tesla,Model S,car,2018
3130,5,CA,350,Tesla,Model X,suv,2019
3148,4.97,CA,220,Tesla,Model 3,car,2018
3161,5,CA,99,Tesla,Model 3,car,2018
3171,4.88,CA,135,Tesla,Model X,suv,2016
3174,4.99,CA,75,Tesla,Model S,car,2015
3175,4.36,CA,102,Tesla,Model S,car,2013
3176,4.6,CA,149,Tesla,Model S,car,2016
3184,5,CA,110,Tesla,Model S,car,2016
3185,4.78,CA,138,Tesla,Model S,car,2017
3187,5,CA,105,Tesla,Model S,car,2017
3213,4.96,IL,129,Tesla,Model 3,car,2018
3218,4.96,IL,97,Tesla,Model S,car,2013
3219,4.96,IL,102,Tesla,Model S,car,2016
3221,5,IL,269,Tesla,Model X,suv,2016
3229,4.97,IL,141,Tesla,Model 3,car,2018
3231,5,IL,124,Tesla,Model 3,car,2020
3233,5,IL,118,Tesla,Model 3,car,2019
3235,5,IL,250,Tesla,Model S,car,2016
3237,5,IL,208,Tesla,Model X,suv,2018
3243,5,IL,110,Tesla,Model S,car,2014
3248,5,IL,92,Tesla,Model 3,car,2019
3256,5,IL,295,Tesla,Model 3,car,2018
3292,5,FL,100,Tesla,Model S,car,2015
3297,5,FL,114,Tesla,Model S,car,2016
3301,4.83,FL,180,Tesla,Model 3,car,2019
3302,5,FL,124,Tesla,Model 3,car,2019
3312,4.97,FL,157,Tesla,Model 3,car,2019
3330,5,FL,100,Tesla,Model S,car,2012
3331,4.95,FL,160,Tesla,Model X,suv,2017
3351,4.84,FL,175,Tesla,Model S,car,2017
3357,4.91,FL,300,Tesla,Model X,suv,2018
3404,5,OR,82,Tesla,Model 3,car,2018
3405,5,OR,74,Tesla,Model 3,car,2020
3406,5,OR,79,Tesla,Model 3,car,2019
3414,4.81,OR,100,Tesla,Model X,suv,2016
3415,4.91,OR,124,Tesla,Model X,suv,2018
3422,5,WA,137,Tesla,Model 3,car,2018
3423,4.86,OR,134,Tesla,Model X,suv,2018
3426,5,OR,249,Tesla,Model X,suv,2019
3428,5,OR,135,Tesla,Model X,suv,2018
3429,4.96,OR,124,Tesla,Model X,suv,2018
3430,5,OR,160,Tesla,Model X,suv,2019
3433,4.94,OR,149,Tesla,Model X,suv,2019
3434,4.95,OR,124,Tesla,Model X,suv,2017
3436,5,OR,73,Tesla,Model S,car,2013
3439,4.93,OR,99,Tesla,Model 3,car,2018
3441,5,OR,82,Tesla,Model 3,car,2018
3445,4.99,OR,80,Tesla,Model 3,car,2018
3456,5,OR,199,Tesla,Model X,suv,2020
3463,5,OR,149,Tesla,Model 3,car,2019
3475,5,OR,229,Tesla,Model 3,car,2019
3487,4.92,OR,94,Tesla,Model X,suv,2016
3522,5,WA,40,BMW,i3,car,2017
3559,5,OR,108,Tesla,Model 3,car,2020
3566,5,OR,149,Tesla,Model 3,car,2019
3575,5,OR,40,Kia,Soul EV,car,2017
3588,4.94,OR,76,Tesla,Model 3,car,2018
3601,5,PA,209,Tesla,Model 3,car,2019
3605,5,NJ,209,Tesla,Model S,car,2016
3609,5,NJ,334,Tesla,Model X,suv,2016
3620,5,NJ,116,Tesla,Model S,car,2013
3621,4.83,NJ,200,Tesla,Model 3,car,2019
3625,5,NJ,185,Tesla,Model 3,car,2020
3628,5,NJ,275,Tesla,Model X,suv,2017
3633,4.94,PA,145,Tesla,Model 3,car,2020
3636,4,PA,185,Tesla,Model 3,car,2018
3638,5,PA,330,Tesla,Model S,car,2017
3698,4.8,NJ,80,Volkswagen,E-Golf,car,2019
3717,5,AZ,90,Tesla,Model S,car,2016
3718,5,AZ,99,Tesla,Model S,car,2015
3720,4.98,AZ,74,Tesla,Model 3,car,2019
3722,5,AZ,140,Tesla,Model X,suv,2016
3725,5,AZ,80,Tesla,Model 3,car,2019
3728,5,AZ,109,Tesla,Model S,car,2015
3731,4.84,AZ,169,Tesla,Model X,suv,2016
3732,4.91,AZ,119,Tesla,Model 3,car,2019
3733,5,AZ,98,Tesla,Model S,car,2014
3735,4.99,AZ,165,Tesla,Model X,suv,2018
3743,4.96,AZ,125,Tesla,Model 3,car,2020
3753,5,AZ,155,Tesla,Model X,suv,2016
3755,5,AZ,99,Tesla,Model S,car,2013
3775,4.96,AZ,120,Tesla,Model S,car,2016
3799,5,AZ,99,Tesla,Model 3,car,2018
3801,5,AZ,128,Tesla,Model S,car,2017
3821,5,AZ,89,Tesla,Model 3,car,2019
3868,4.98,AZ,100,Tesla,Model S,car,2013
3878,5,AZ,108,Tesla,Model 3,car,2020
3917,5,PA,174,Tesla,Model 3,car,2018
3921,5,PA,172,Tesla,Model 3,car,2019
3924,4.95,PA,149,Tesla,Model S,car,2016
3947,5,PA,79,Nissan,Leaf,car,2019
3953,5,MA,115,Tesla,Model 3,car,2020
3961,5,MA,119,Tesla,Model 3,car,2019
3963,5,MA,135,Tesla,Model 3,car,2020
3964,5,RI,164,Tesla,Model 3,car,2018
3965,5,MA,100,Tesla,Model 3,car,2018
3966,4.97,MA,102,Tesla,Model 3,car,2019
3982,5,RI,120,Tesla,Model 3,car,2019
4001,5,ME,139,Tesla,Model 3,car,2018
4011,5,NC,277,Tesla,Model X,suv,2018
4013,4.86,NC,118,Tesla,Model 3,car,2019
4018,5,NC,142,Tesla,Model 3,car,2020
4036,5,NC,142,Tesla,Model 3,car,2020
4042,4.44,NC,120,Tesla,Model 3,car,2019
4045,5,NC,135,Tesla,Model S,car,2015
4051,5,NC,138,Tesla,Model 3,car,2020
4052,5,NC,124,Tesla,Model 3,car,2018
4109,5,VA,199,Tesla,Model X,suv,2016
4110,5,VA,159,Tesla,Model 3,car,2018
4121,5,VA,225,Tesla,Model 3,car,2018
4133,5,NV,141,Tesla,Model S,car,2017
4135,5,NV,220,Tesla,Model X,suv,2020
4138,5,NV,157,Tesla,Model X,suv,2016
4139,5,NV,126,Tesla,Model S,car,2015
4146,5,NV,118,Tesla,Model 3,car,2018
4162,5,VA,231,Tesla,Model X,suv,2019
4163,4.93,VA,174,Tesla,Model 3,car,2018
4169,5,FL,112,Tesla,Model 3,car,2020
4178,4.83,FL,166,Tesla,Model 3,car,2018
4181,4.92,FL,203,Tesla,Model 3,car,2018
4205,4.97,FL,139,Tesla,Model S,car,2017
4207,4.84,FL,122,Tesla,Model 3,car,2019
4208,4.92,FL,122,Tesla,Model 3,car,2019
4250,5,CA,109,Tesla,Model S,car,2016
4252,4.82,CA,77,Tesla,Model S,car,2014
4258,5,CA,74,Tesla,Model 3,car,2018
4266,5,CA,139,Tesla,Model X,suv,2016
4272,5,CA,115,Tesla,Model S,car,2016
4281,5,CA,99,Tesla,Model 3,car,2019
4282,4.85,CA,69,Tesla,Model S,car,2013
4299,4.82,CA,89,Tesla,Model 3,car,2019
4300,5,CA,89,Tesla,Model S,car,2015
4302,5,CA,95,Tesla,Model S,car,2015
4307,4.92,CA,79,Tesla,Model 3,car,2018
4308,4.94,CA,169,Tesla,Model X,suv,2016
4311,4.97,CA,90,Tesla,Model 3,car,2018
4315,4.89,CA,95,Tesla,Model 3,car,2020
4319,4.91,CA,100,Tesla,Model 3,car,2019
4328,5,CA,99,Tesla,Model 3,car,2019
4334,5,CA,109,Tesla,Model 3,car,2019
4336,4.9,CA,169,Tesla,Model S,car,2017
4343,4.95,CA,179,Tesla,Model X,suv,2018
4347,5,CA,109,Tesla,Model S,car,2015
4350,5,CA,179,Tesla,Model X,suv,2017
4372,5,CA,95,Tesla,Model 3,car,2018
4375,5,CA,159,Tesla,Model 3,car,2019
4379,4.81,CA,179,Tesla,Model X,suv,2018
4380,5,CA,115,Tesla,Model S,car,2015
4393,5,CA,399,Tesla,Model X,suv,2018
4414,5,CA,111,Tesla,Model 3,car,2018
4419,5,CA,68,Tesla,Model 3,car,2020
4424,5,CA,185,Tesla,Model 3,car,2018
4429,5,CA,89,Tesla,Model 3,car,2018
4431,4.98,CA,119,Tesla,Model S,car,2015
4439,4.96,CA,149,Tesla,Model 3,car,2018
4440,5,CA,103,Tesla,Model 3,car,2018
4449,5,TX,115,Tesla,Model 3,car,2019
4450,5,TX,110,Tesla,Model 3,car,2018
4453,5,TX,91,Tesla,Model 3,car,2019
4454,5,TX,103,Tesla,Model 3,car,2019
4458,5,TX,133,Tesla,Model Y,suv,2020
4462,4.99,TX,125,Tesla,Model 3,car,2018
4465,5,TX,225,Tesla,Model X,suv,2017
4467,5,TX,168,Tesla,Model 3,car,2018
4483,5,TX,85,Tesla,Model 3,car,2020
4549,5,GA,129,Tesla,Model 3,car,2018
4567,5,KY,99,Tesla,Model 3,car,2018
4568,5,KY,158,Tesla,Model 3,car,2019
4571,5,KY,149,Tesla,Model Y,suv,2020
4572,5,KY,249,Tesla,Model 3,car,2019
4585,5,WA,118,Tesla,Model 3,car,2018
4590,4.94,WA,80,Tesla,Model 3,car,2018
4603,5,WA,119,Tesla,Model 3,car,2019
4605,5,WA,130,Tesla,Model Y,suv,2020
4608,5,WA,179,Tesla,Model X,suv,2016
4613,5,WA,145,Tesla,Model Y,suv,2020
4681,5,FL,40,smart,fortwo,car,2018
4687,4.91,FL,94,Tesla,Model S,car,2013
4692,4.33,FL,149,Tesla,Model 3,car,2019
4755,4.83,CA,75,Tesla,Model S,car,2013
4767,4.77,CA,87,Tesla,Model S,car,2017
4770,4.99,CA,124,Tesla,Model X,suv,2016
4772,4.95,CA,118,Tesla,Model S,car,2017
4784,4.94,CA,109,Tesla,Model 3,car,2018
4787,4.89,CA,80,Tesla,Model 3,car,2018
4788,5,CA,126,Tesla,Model 3,car,2018
4792,4.91,CA,100,Tesla,Model 3,car,2017
4797,4.94,CA,74,Tesla,Model S,car,2015
4798,4.47,CA,99,Tesla,Model S,car,2013
4815,4.97,CA,175,Tesla,Model X,suv,2017
4818,4.93,CA,120,Tesla,Model S,car,2017
4822,5,CA,135,Tesla,Model 3,car,2018
4826,5,CA,149,Tesla,Model 3,car,2019
4830,4.97,CA,110,Tesla,Model 3,car,2018
4837,4.97,CA,99,Tesla,Model S,car,2017
4842,5,CA,70,Tesla,Model 3,car,2017
4843,5,CA,89,Tesla,Model S,car,2013
4849,5,CA,48,Chevrolet,Bolt EV,car,2017
4852,5,CA,159,Tesla,Model S,car,2018
4855,5,CA,100,Tesla,Model 3,car,2018
4856,5,CA,90,Tesla,Model 3,car,2020
4859,5,CA,119,Tesla,Model 3,car,2018
4860,5,CA,125,Tesla,Model 3,car,2019
4867,5,CA,90,Tesla,Model 3,car,2020
4868,4.97,CA,139,Tesla,Model X,suv,2017
4872,5,CA,140,Tesla,Model S,car,2014
4879,5,CA,89,Tesla,Model 3,car,2018
4910,4.96,CA,79,Tesla,Model 3,car,2019
4911,4.94,CA,79,Tesla,Model 3,car,2018
4912,4.83,CA,138,Tesla,Model X,suv,2017
4915,5,CA,40,FIAT,500e,car,2017
4927,5,CA,119,Tesla,Model 3,car,2018
4941,5,UT,150,Tesla,Model 3,car,2018
4943,5,UT,120,Tesla,Model S,car,2016
4947,5,UT,130,Tesla,Model S,car,2015
4950,5,UT,117,Tesla,Model 3,car,2019
4955,4.95,UT,125,Tesla,Model 3,car,2019
4956,5,UT,187,Tesla,Model S,car,2016
4958,5,UT,110,Tesla,Model 3,car,2019
4970,5,UT,170,Tesla,Model Y,suv,2020
4971,5,UT,130,Tesla,Model 3,car,2018
4972,5,UT,150,Tesla,Model Y,suv,2020
4979,5,UT,94,Tesla,Model 3,car,2019
4988,4.9,UT,150,Tesla,Model 3,car,2017
5017,5,UT,84,Tesla,Model 3,car,2018
5020,4.91,UT,129,Tesla,Model X,suv,2016
5022,5,UT,174,Tesla,Model 3,car,2020
5138,5,CA,139,Tesla,Model S,car,2016
5139,5,CA,139,Tesla,Model 3,car,2018
5140,5,CA,189,Tesla,Model X,suv,2016
5141,5,CA,169,Tesla,Model 3,car,2018
5142,4.97,CA,130,Tesla,Model 3,car,2019
5147,4.9,CA,128,Tesla,Model S,car,2013
5149,5,CA,189,Tesla,Model 3,car,2018
5151,5,CA,130,Tesla,Model 3,car,2019
5152,5,CA,189,Tesla,Model Y,suv,2020
5164,5,CA,65,Chevrolet,Bolt EV,car,2018
5171,4.67,CA,150,Tesla,Model S,car,2014
5177,5,CA,70,Nissan,Leaf,car,2019
5190,5,CA,54,BMW,i3,car,2015
5219,5,CA,49,BMW,i3,car,2017
5225,5,CA,145,Tesla,Model X,suv,2019
5236,5,CA,99,Tesla,Model 3,car,2018
5248,4.83,CA,97,Tesla,Model 3,car,2018
5252,5,CA,70,Tesla,Model 3,car,2019
5259,5,CA,66,Tesla,Model 3,car,2019
5261,5,CA,70,Tesla,Model 3,car,2019
5265,5,CA,99,Tesla,Model 3,car,2018
5267,4.6,CA,70,Tesla,Model 3,car,2020
5275,4.75,CA,49,Chevrolet,Bolt EV,car,2018
5279,4.97,CA,89,Tesla,Model S,car,2016
5286,5,CA,89,Tesla,Model 3,car,2020
5292,4.98,CA,89,Tesla,Model 3,car,2018
5296,5,CA,109,Tesla,Model 3,car,2018
5300,5,CA,174,Tesla,Model X,suv,2019
5304,5,CA,120,Tesla,Model 3,car,2017
5305,4.95,CA,123,Tesla,Model X,suv,2018
5320,5,CA,200,Tesla,Model S,car,2015
5329,5,CA,145,Tesla,Model 3,car,2019
5331,5,CA,120,Tesla,Model 3,car,2019
5340,4.64,CA,44,Chevrolet,Bolt EV,car,2019
5347,4.57,CA,200,Tesla,Model S,car,2016
5359,5,FL,117,Tesla,Model 3,car,2020
5387,5,MO,195,Tesla,Model S,car,2019
5388,4.96,MO,99,Tesla,Model 3,car,2018
5412,5,FL,89,Tesla,Model 3,car,2018
5448,5,FL,130,Tesla,Model 3,car,2019
5462,4.73,FL,143,Tesla,Model S,car,2016
5471,5,FL,131,Tesla,Model 3,car,2019
5490,4.88,FL,185,Tesla,Model X,suv,2017
5506,5,FL,129,Tesla,Model S,car,2014
5513,5,FL,180,Tesla,Model S,car,2013
5538,5,OK,99,Tesla,Model 3,car,2018
5539,5,OK,119,Tesla,Model 3,car,2020
5541,5,OK,119,Tesla,Model 3,car,2018
5544,4.9,OK,178,Tesla,Model 3,car,2018
5547,5,AZ,105,Tesla,Model 3,car,2018
5549,4.9,AZ,144,Tesla,Model S,car,2013
5550,4.88,AZ,113,Tesla,Model S,car,2013
5555,5,AZ,149,Tesla,Model Y,suv,2020
5558,5,AZ,126,Tesla,Model 3,car,2019
5575,5,TN,147,Tesla,Model S,car,2014
5632,5,AK,250,Tesla,Model 3,car,2018
5659,4.97,HI,189,Tesla,Model X,suv,2018
5660,5,HI,92,Tesla,Model 3,car,2018
5689,4.98,HI,277,Tesla,Model X,suv,2018
5690,4.89,HI,98,Tesla,Model 3,car,2019
5701,5,HI,103,Tesla,Model 3,car,2019
5703,5,HI,102,Tesla,Model 3,car,2019
5715,4.83,HI,99,Tesla,Model 3,car,2019
5723,5,HI,150,Tesla,Model 3,car,2018
5735,5,HI,82,Tesla,Model 3,car,2020
5780,4.88,HI,85,Tesla,Model 3,car,2019
5785,5,HI,50,Nissan,Leaf,car,2015
5825,5,HI,53,Nissan,Leaf,car,2018
